Nazev,klasifikace,odolnost,druh
Porotherm 30 S Profi,REI,180,DP1
Porotherm 38 Profi,REI,180,DP1
Porotherm 44 Profi,REI,180,DP1
Porotherm 30 TS Profi,REI,60,DP1
Porotherm 38 TS Profi,REI,60,DP1
Porotherm 30 T Profi,REI,90,DP1
Porotherm 38 T Profi,REI,90,DP1
Porotherm 44 T Profi,REI,90,DP1
Porotherm 50 T Profi,REI,90,DP1
Porotherm 30 T Profi 1 / 2,REI,90,DP1
Porotherm 38 T Profi 1 / 2,REI,90,DP1
Porotherm 44 T Profi 1 / 2,REI,90,DP1
Porotherm 50 T Profi 1 / 2,REI,90,DP1
Porotherm 44 EKO+,REI,180,DP1
Porotherm 50 EKO+,REI,180,DP1
"Porotherm 11,5 AKU",EI,180,DP1
Porotherm 19 AKU,REI,180,DP1
Porotherm 25 AKU,REI,180,DP1
Porotherm 30 AKU,REI,180,DP1
Porotherm 14,REI,120,DP1
"Porotherm 17,5",REI,120,DP1
Porotherm 24,REI,180,DP1
"Porotherm 11,5",EI,120,DP1
Porotherm 8,EI,60,DP1
Silka 300,REI,180,DP1
Silka 250,REI,180,DP1
Silka 200,REI,180,DP1
Silka 150,EI,90,DP1
Silka 100,EI,90,DP1
Silka 70,EI,60,DP1
Ytong Lambda YQ tl. 550,REI,180,DP1
Ytong Lambda YQ tl. 500,REI,180,DP1
Ytong Lambda YQ tl. 450,REI,180,DP1
Ytong Lambda YQ tl. 375,REI,180,DP1
Ytong Standard tl. 375,REI,180,DP1
Ytong Standard tl. 300,REI,180,DP1
Ytong Universal tl. 375,REI,180,DP1
Ytong Universal tl. 300,REI,180,DP1
Ytong Universal tl. 250,REI,180,DP1
Ytong Statik tl. 375,REI,180,DP1
Ytong Statik tl. 300,REI,180,DP1
Ytong Statik tl. 250,REI,180,DP1
Ytong Statik tl. 200,REI,180,DP1
Ytong Klasik 250,REI,180,DP1
Ytong Klasik 200,EI,180,DP1
Ytong Klasik 150,EI,180,DP1
Ytong Klasik 125,EI,180,DP1
Ytong Klasik 100,EI,120,DP1
Ytong Klasik 75,EI,120,DP1
Ytong Klasik 50,EI,30,DP1
